Identifiant site ,Hôte,Essence,Genre,espèce,Taxon fonge,Croisement,Phylum,Famille,Sequencage
15,PIN7-6,Pinus spp.,Cortinarius,furvoumbrinus,Cortinarius furvoumbrinus,15 furvoumbrinus Cortinarius furvoumbrinus,Basidiomycète,Cortinariaceae,a
14,PIN3-10,Pinus spp.,Russula,lepida,Russula lepida,14 lepida Russula lepida,Basidiomycète,Russulaceae,b
14,PIN3-21,Pinus spp.,Russula,lepida,Russula lepida,14 lepida Russula lepida,Basidiomycète,Russulaceae,b
7,CJ1-9,Castanea sativa,Boletus,aereus,Boletus aereus,7 aereus Boletus aereus,Basidiomycète,Boletaceae,a
14,CISTEX-1,Cistus salviifolius,Geopora,aff.closa,Geopora aff.closa,14 aff.closa Geopora aff.closa,Ascomycète,Pyronemataceae,a
14,CISTEX-2,Cistus salviifolius,Geopora,aff.closa,Geopora aff.closa,14 aff.closa Geopora aff.closa,Ascomycète,Pyronemataceae,a
14,CISTEX-7,Cistus salviifolius,Geopora,aff.closa,Geopora aff.closa,14 aff.closa Geopora aff.closa,Ascomycète,Pyronemataceae,a
14,PINX-5,Pinus spp.,Geopora,aff.closa,Geopora aff.closa,14 aff.closa Geopora aff.closa,Ascomycète,Pyronemataceae,a
14,PINX-9,Pinus spp.,Geopora,aff.closa,Geopora aff.closa,14 aff.closa Geopora aff.closa,Ascomycète,Pyronemataceae,a
14,CS3-12,Castanea sativa,Tricholoma,albobrunneum,Tricholoma albobrunneum,14 albobrunneum Tricholoma albobrunneum,Basidiomycète,Tricholomataceae,b
14,CS3-3,Castanea sativa,Tricholoma,albobrunneum,Tricholoma albobrunneum,14 albobrunneum Tricholoma albobrunneum,Basidiomycète,Tricholomataceae,a
14,CS7-11,Castanea sativa,Mycena,amicta,Mycena amicta,14 amicta Mycena amicta,Basidiomycète,Mortierellaceae,a
14,AU1-8,Arbutus unedo,Russula,amoenolens,Russula amoenolens,14 amoenolens Russula amoenolens,Basidiomycète,Russulaceae,a
7,CISTE2-1,Cistus salviifolius,Russula,amoenolens,Russula amoenolens,7 amoenolens Russula amoenolens,Basidiomycète,Russulaceae,a
14,CS1-10,Castanea sativa,Russula,amoenolens,Russula amoenolens,14 amoenolens Russula amoenolens,Basidiomycète,Russulaceae,a
14,CS1-11,Castanea sativa,Russula,amoenolens,Russula amoenolens,14 amoenolens Russula amoenolens,Basidiomycète,Russulaceae,a
14,CS1-12,Castanea sativa,Russula,amoenolens,Russula amoenolens,14 amoenolens Russula amoenolens,Basidiomycète,Russulaceae,a
14,CS1-14,Castanea sativa,Russula,amoenolens,Russula amoenolens,14 amoenolens Russula amoenolens,Basidiomycète,Russulaceae,a
14,CS1-4,Castanea sativa,Russula,amoenolens,Russula amoenolens,14 amoenolens Russula amoenolens,Basidiomycète,Russulaceae,b
14,CS1-6,Castanea sativa,Russula,amoenolens,Russula amoenolens,14 amoenolens Russula amoenolens,Basidiomycète,Russulaceae,a
14,CS1-8,Castanea sativa,Russula,amoenolens,Russula amoenolens,14 amoenolens Russula amoenolens,Basidiomycète,Russulaceae,b
7,CS4-1,Castanea sativa,Russula,amoenolens,Russula amoenolens,7 amoenolens Russula amoenolens,Basidiomycète,Russulaceae,a
7,CS4-9,Castanea sativa,Russula,amoenolens,Russula amoenolens,7 amoenolens Russula amoenolens,Basidiomycète,Russulaceae,a
7,OC2-10,Ostrya carpinifolia,Russula,amoenolens,Russula amoenolens,7 amoenolens Russula amoenolens,Basidiomycète,Russulaceae,a
7,OC2-4,Ostrya carpinifolia,Russula,amoenolens,Russula amoenolens,7 amoenolens Russula amoenolens,Basidiomycète,Russulaceae,a
7,OC2-5,Ostrya carpinifolia,Russula,amoenolens,Russula amoenolens,7 amoenolens Russula amoenolens,Basidiomycète,Russulaceae,a
14,PIN1a-1,Pinus spp.,Russula,amoenolens,Russula amoenolens,14 amoenolens Russula amoenolens,Basidiomycète,Russulaceae,a
14,PIN1a-2,Pinus spp.,Russula,amoenolens,Russula amoenolens,14 amoenolens Russula amoenolens,Basidiomycète,Russulaceae,a
15,FS6-1,Fagus sylvatica,Inocybe,amygdaliolens,Inocybe amygdaliolens,15 amygdaliolens Inocybe amygdaliolens,Basidiomycète,Inocybaceae,a
15,AU3-7,Arbutus unedo,Russula,anthracina,Russula anthracina,15 anthracina Russula anthracina,Basidiomycète,Russulaceae,a
15,FS6-14,Fagus sylvatica,Russula,anthracina,Russula anthracina,15 anthracina Russula anthracina,Basidiomycète,Russulaceae,a
15,FS6-9,Fagus sylvatica,Russula,anthracina,Russula anthracina,15 anthracina Russula anthracina,Basidiomycète,Russulaceae,a
15,QP1-2,Quercus pubescens,Russula,anthracina,Russula anthracina,15 anthracina Russula anthracina,Basidiomycète,Russulaceae,b
7,CJ1-6,Castanea sativa,Inocybe,assimilata,Inocybe assimilata,7 assimilata Inocybe assimilata,Basidiomycète,Inocybaceae,b
14,QP3-11,Quercus pubescens,Byssocorticium,atrovirens,Byssocorticium atrovirens,14 atrovirens Byssocorticium atrovirens,Basidiomycète,Byssicorticiaceae,b
14,QP3-5,Quercus pubescens,Byssocorticium,atrovirens,Byssocorticium atrovirens,14 atrovirens Byssocorticium atrovirens,Basidiomycète,Byssicorticiaceae,b
15,CS7-14,Castanea sativa,Mycena,aurantiomarginata,Mycena aurantiomarginata,15 aurantiomarginata Mycena aurantiomarginata,Basidiomycète,Mycenaneae,a
7,AU1-2,Arbutus unedo,Tuber,borchii,Tuber borchii,7 borchii Tuber borchii,Ascomycète,Tuberaceae,a
7,AU1-3,Arbutus unedo,Tuber,borchii,Tuber borchii,7 borchii Tuber borchii,Ascomycète,Tuberaceae,a
7,AU1-4,Arbutus unedo,Tuber,borchii,Tuber borchii,7 borchii Tuber borchii,Ascomycète,Tuberaceae,a
7,AU1-5,Arbutus unedo,Tuber,borchii,Tuber borchii,7 borchii Tuber borchii,Ascomycète,Tuberaceae,a
7,AU1-7,Arbutus unedo,Tuber,borchii,Tuber borchii,7 borchii Tuber borchii,Ascomycète,Tuberaceae,a
7,AU1-8,Arbutus unedo,Tuber,borchii,Tuber borchii,7 borchii Tuber borchii,Ascomycète,Tuberaceae,a
7,AU1-9,Arbutus unedo,Tuber,borchii,Tuber borchii,7 borchii Tuber borchii,Ascomycète,Tuberaceae,a
7,CISTE2-3,Cistus salviifolius,Tuber,borchii,Tuber borchii,7 borchii Tuber borchii,Ascomycète,Tuberaceae,a
14,CS5-1,Castanea sativa,Tuber,borchii,Tuber borchii,14 borchii Tuber borchii,Ascomycète,Tuberaceae,a
14,CS5-10,Castanea sativa,Tuber,borchii,Tuber borchii,14 borchii Tuber borchii,Ascomycète,Tuberaceae,a
14,CS5-11,Castanea sativa,Tuber,borchii,Tuber borchii,14 borchii Tuber borchii,Ascomycète,Tuberaceae,a
14,CS5-13,Castanea sativa,Tuber,borchii,Tuber borchii,14 borchii Tuber borchii,Ascomycète,Tuberaceae,a
14,CS5-2,Castanea sativa,Tuber,borchii,Tuber borchii,14 borchii Tuber borchii,Ascomycète,Tuberaceae,a
15,CS5-3,Castanea sativa,Tuber,borchii,Tuber borchii,15 borchii Tuber borchii,Ascomycète,Tuberaceae,a
14,CS5-6,Castanea sativa,Tuber,borchii,Tuber borchii,14 borchii Tuber borchii,Ascomycète,Tuberaceae,a
15,CS5-6,Castanea sativa,Tuber,borchii,Tuber borchii,15 borchii Tuber borchii,Ascomycète,Tuberaceae,a
14,CS5-7,Castanea sativa,Tuber,borchii,Tuber borchii,14 borchii Tuber borchii,Ascomycète,Tuberaceae,a
14,QI1-2,Quercus ilex,Otidea,bufonia,Otidea bufonia,14 bufonia Otidea bufonia,Ascomycète,Otideaceae,a
14,QI1-3,Quercus ilex,Otidea,bufonia,Otidea bufonia,14 bufonia Otidea bufonia,Ascomycète,Otideaceae,a
14,QI1-5,Quercus ilex,Otidea,bufonia,Otidea bufonia,14 bufonia Otidea bufonia,Ascomycète,Otideaceae,b
14,QI1-6,Quercus ilex,Otidea,bufonia,Otidea bufonia,14 bufonia Otidea bufonia,Ascomycète,Otideaceae,a
14,QI1-7,Quercus ilex,Otidea,bufonia,Otidea bufonia,14 bufonia Otidea bufonia,Ascomycète,Otideaceae,b
14,QI2-1,Quercus ilex,Otidea,bufonia,Otidea bufonia,14 bufonia Otidea bufonia,Ascomycète,Otideaceae,a
14,QI3-15,Quercus ilex,Otidea,bufonia,Otidea bufonia,14 bufonia Otidea bufonia,Ascomycète,Otideaceae,a
14,QI3-3,Quercus ilex,Otidea,bufonia,Otidea bufonia,14 bufonia Otidea bufonia,Ascomycète,Otideaceae,a
14,CS8-17,Castanea sativa,Inocybe,catalaunica,Inocybe catalaunica,14 catalaunica Inocybe catalaunica,Basidiomycète,Inocybaceae,b
15,AU2-2,Arbutus unedo,Russula,cessans,Russula cessans,15 cessans Russula cessans,Basidiomycète,Russulaceae,a
15,FS6-6,Fagus sylvatica,Russula,cessans,Russula cessans,15 cessans Russula cessans,Basidiomycète,Russulaceae,a
15,PIN4S-10,Pinus spp.,Russula,cessans,Russula cessans,15 cessans Russula cessans,Basidiomycète,Russulaceae,a
15,PIN4S-4,Pinus spp.,Russula,cessans,Russula cessans,15 cessans Russula cessans,Basidiomycète,Russulaceae,a
15,AU2-4,Arbutus unedo,Mycena,cfcapillaripes,Mycena cfcapillaripes,15 cfcapillaripes Mycena cfcapillaripes,Basidiomycète,Mycenaneae,a
15,QI2-10,Quercus ilex,Russula,cfglobispora,Russula cfglobispora,15 cfglobispora Russula cfglobispora,Basidiomycète,Russulaceae,a
15,QI2-12,Quercus ilex,Russula,cfglobispora,Russula cfglobispora,15 cfglobispora Russula cfglobispora,Basidiomycète,Russulaceae,a
15,QI2-2,Quercus ilex,Russula,cfglobispora,Russula cfglobispora,15 cfglobispora Russula cfglobispora,Basidiomycète,Russulaceae,b
15,QI2-6,Quercus ilex,Russula,cfglobispora,Russula cfglobispora,15 cfglobispora Russula cfglobispora,Basidiomycète,Russulaceae,a
15,QI2-8,Quercus ilex,Russula,cfglobispora,Russula cfglobispora,15 cfglobispora Russula cfglobispora,Basidiomycète,Russulaceae,a
14,CS7-7,Castanea sativa,Mycena,cf.aetites,Mycena cf.aetites,14 cf.aetites Mycena cf.aetites,Basidiomycète,Mycenaneae,a
15,CS6-1,Castanea sativa,Xerocomellus,chrysenteron,Xerocomellus chrysenteron,15 chrysenteron Xerocomellus chrysenteron,Basidiomycète,Boletaceae,a
15,FS1-4,Fagus sylvatica,Xerocomellus,chrysenteron,Xerocomellus chrysenteron,15 chrysenteron Xerocomellus chrysenteron,Basidiomycète,Boletaceae,a
15,QP7-1,Quercus pubescens,Xerocomellus,chrysenteron,Xerocomellus chrysenteron,15 chrysenteron Xerocomellus chrysenteron,Basidiomycète,Boletaceae,a
15,QP7-10,Quercus pubescens,Xerocomellus,chrysenteron,Xerocomellus chrysenteron,15 chrysenteron Xerocomellus chrysenteron,Basidiomycète,Boletaceae,a
15,QP7-11,Quercus pubescens,Xerocomellus,chrysenteron,Xerocomellus chrysenteron,15 chrysenteron Xerocomellus chrysenteron,Basidiomycète,Boletaceae,a
15,QP7-7,Quercus pubescens,Xerocomellus,chrysenteron,Xerocomellus chrysenteron,15 chrysenteron Xerocomellus chrysenteron,Basidiomycète,Boletaceae,a
15,QP7-9,Quercus pubescens,Xerocomellus,chrysenteron,Xerocomellus chrysenteron,15 chrysenteron Xerocomellus chrysenteron,Basidiomycète,Boletaceae,a
7,CS4-13,Castanea sativa,Lactarius,chrysorrheus,Lactarius chrysorrheus,7 chrysorrheus Lactarius chrysorrheus,Basidiomycète,Russulaceae,a
7,CS4-14,Castanea sativa,Lactarius,chrysorrheus,Lactarius chrysorrheus,7 chrysorrheus Lactarius chrysorrheus,Basidiomycète,Russulaceae,a
7,CS4-3,Castanea sativa,Lactarius,chrysorrheus,Lactarius chrysorrheus,7 chrysorrheus Lactarius chrysorrheus,Basidiomycète,Russulaceae,b
7,CS4-6,Castanea sativa,Lactarius,chrysorrheus,Lactarius chrysorrheus,7 chrysorrheus Lactarius chrysorrheus,Basidiomycète,Russulaceae,a
7,CS4-8,Castanea sativa,Lactarius,chrysorrheus,Lactarius chrysorrheus,7 chrysorrheus Lactarius chrysorrheus,Basidiomycète,Russulaceae,a
15,CS4-6,Castanea sativa,Inocybe,cincinnata,Inocybe cincinnata,15 cincinnata Inocybe cincinnata,Basidiomycète,Inocybaceae,a
14,CS3-20,Castanea sativa,Amanita,citrina,Amanita citrina,14 citrina Amanita citrina,Basidiomycète,Amanitaceae,a
14,CS3-22,Castanea sativa,Amanita,citrina,Amanita citrina,14 citrina Amanita citrina,Basidiomycète,Amanitaceae,a
14,CS3-14,Castanea sativa,Cortinarius,croceussl,Cortinarius croceussl,14 croceussl Cortinarius croceussl,Basidiomycète,Cortinariaceae,a
15,PIN2-21,Pinus spp.,Dermoloma,cuneifolium,Dermoloma cuneifolium,15 cuneifolium Dermoloma cuneifolium,Basidiomycète,Tricholomataceae,b
14,CS2-1,Castanea sativa,Russula,delicasl,Russula delicasl,14 delicasl Russula delicasl,Basidiomycète,Russulaceae,a
7,CS2-3,Castanea sativa,Russula,delicasl,Russula delicasl,7 delicasl Russula delicasl,Basidiomycète,Russulaceae,b
7,CS2-5,Castanea sativa,Russula,delicasl,Russula delicasl,7 delicasl Russula delicasl,Basidiomycète,Russulaceae,a
7,CS2-6,Castanea sativa,Russula,delicasl,Russula delicasl,7 delicasl Russula delicasl,Basidiomycète,Russulaceae,a
7,CS2-7,Castanea sativa,Russula,delicasl,Russula delicasl,7 delicasl Russula delicasl,Basidiomycète,Russulaceae,a
14,CS2-7,Castanea sativa,Russula,delicasl,Russula delicasl,14 delicasl Russula delicasl,Basidiomycète,Russulaceae,b
14,CS2-8,Castanea sativa,Russula,delicasl,Russula delicasl,14 delicasl Russula delicasl,Basidiomycète,Russulaceae,b
15,FS2-16,Fagus sylvatica,Russula,delicasl,Russula delicasl,15 delicasl Russula delicasl,Basidiomycète,Russulaceae,a
14,PIN1-2,Pinus spp.,Russula,delicasl,Russula delicasl,14 delicasl Russula delicasl,Basidiomycète,Russulaceae,a
14,PIN1-3,Pinus spp.,Russula,delicasl,Russula delicasl,14 delicasl Russula delicasl,Basidiomycète,Russulaceae,a
14,PIN1-5,Pinus spp.,Russula,delicasl,Russula delicasl,14 delicasl Russula delicasl,Basidiomycète,Russulaceae,a
14,PIN1-7,Pinus spp.,Russula,delicasl,Russula delicasl,14 delicasl Russula delicasl,Basidiomycète,Russulaceae,b
14,PIN2-1,Pinus spp.,Russula,delicasl,Russula delicasl,14 delicasl Russula delicasl,Basidiomycète,Russulaceae,a
14,PIN2-2,Pinus spp.,Russula,delicasl,Russula delicasl,14 delicasl Russula delicasl,Basidiomycète,Russulaceae,a
14,PIN2-3,Pinus spp.,Russula,delicasl,Russula delicasl,14 delicasl Russula delicasl,Basidiomycète,Russulaceae,a
14,PIN2-4,Pinus spp.,Russula,delicasl,Russula delicasl,14 delicasl Russula delicasl,Basidiomycète,Russulaceae,b
14,PIN2-5,Pinus spp.,Russula,delicasl,Russula delicasl,14 delicasl Russula delicasl,Basidiomycète,Russulaceae,a
14,PIN2-6,Pinus spp.,Russula,delicasl,Russula delicasl,14 delicasl Russula delicasl,Basidiomycète,Russulaceae,a
14,PIN2-7,Pinus spp.,Russula,delicasl,Russula delicasl,14 delicasl Russula delicasl,Basidiomycète,Russulaceae,a
15,PIN3-4,Pinus spp.,Russula,delicasl,Russula delicasl,15 delicasl Russula delicasl,Basidiomycète,Russulaceae,a
15,PIN3-7,Pinus spp.,Russula,delicasl,Russula delicasl,15 delicasl Russula delicasl,Basidiomycète,Russulaceae,a
7,QI1-6,Quercus ilex,Russula,delicasl,Russula delicasl,7 delicasl Russula delicasl,Basidiomycète,Russulaceae,b
15,QP3-1,Quercus pubescens,Russula,delicasl,Russula delicasl,15 delicasl Russula delicasl,Basidiomycète,Russulaceae,a
15,QP3-2,Quercus pubescens,Russula,delicasl,Russula delicasl,15 delicasl Russula delicasl,Basidiomycète,Russulaceae,b
15,QP3-4,Quercus pubescens,Russula,delicasl,Russula delicasl,15 delicasl Russula delicasl,Basidiomycète,Russulaceae,b
15,QP3-7,Quercus pubescens,Russula,delicasl,Russula delicasl,15 delicasl Russula delicasl,Basidiomycète,Russulaceae,b
15,QP3-9,Quercus pubescens,Russula,delicasl,Russula delicasl,15 delicasl Russula delicasl,Basidiomycète,Russulaceae,a
15,QP7-4,Quercus pubescens,Russula,delicasl,Russula delicasl,15 delicasl Russula delicasl,Basidiomycète,Russulaceae,a
15,PIN1-3,Pinus spp.,Lactarius,deliciosus,Lactarius deliciosus,15 deliciosus Lactarius deliciosus,Basidiomycète,Russulaceae,a
15,PIN1-5,Pinus spp.,Lactarius,deliciosus,Lactarius deliciosus,15 deliciosus Lactarius deliciosus,Basidiomycète,Russulaceae,a
15,PIN4-1,Pinus spp.,Lactarius,deliciosus,Lactarius deliciosus,15 deliciosus Lactarius deliciosus,Basidiomycète,Russulaceae,a
15,AU6-1,Arbutus unedo,Gymnopus,dryophilus,Gymnopus dryophilus,15 dryophilus Gymnopus dryophilus,Basidiomycète,Omphalotaceae,a
15,CS4-10,Castanea sativa,Hypholoma,fasciculare,Hypholoma fasciculare,15 fasciculare Hypholoma fasciculare,Basidiomycète,Strophariaceae,a
7,AC2-1,Alnus cordata,Phialocephala,fortinii,Phialocephala fortinii,7 fortinii Phialocephala fortinii,Ascomycète,Mollesiaceae,a
14,AU3-1,Arbutus unedo,Phialocephala,fortinii,Phialocephala fortinii,14 fortinii Phialocephala fortinii,Ascomycète,Mollesiaceae,a
14,AU3-10,Arbutus unedo,Phialocephala,fortinii,Phialocephala fortinii,14 fortinii Phialocephala fortinii,Ascomycète,Mollesiaceae,a
7,CJ1-2,Castanea sativa,Russula,fragilis,Russula fragilis,7 fragilis Russula fragilis,Basidiomycète,Russulaceae,a
7,CJ1-7,Castanea sativa,Russula,fragilis,Russula fragilis,7 fragilis Russula fragilis,Basidiomycète,Russulaceae,a
7,CS5-1,Castanea sativa,Russula,fragilis,Russula fragilis,7 fragilis Russula fragilis,Basidiomycète,Russulaceae,a
7,CS5-11,Castanea sativa,Russula,fragilis,Russula fragilis,7 fragilis Russula fragilis,Basidiomycète,Russulaceae,a
7,CS5-12,Castanea sativa,Russula,fragilis,Russula fragilis,7 fragilis Russula fragilis,Basidiomycète,Russulaceae,a
7,CS5-3,Castanea sativa,Russula,fragilis,Russula fragilis,7 fragilis Russula fragilis,Basidiomycète,Russulaceae,a
7,CS5-7,Castanea sativa,Russula,fragilis,Russula fragilis,7 fragilis Russula fragilis,Basidiomycète,Russulaceae,a
15,PIN7-8,Pinus spp.,Cortinarius,furvoumbrinus,Cortinarius furvoumbrinus,15 furvoumbrinus Cortinarius furvoumbrinus,Basidiomycète,Cortinariaceae,a
15,AU3-10,Arbutus unedo,Inocybe,geophylla,Inocybe geophylla,15 geophylla Inocybe geophylla,Basidiomycète,Inocybaceae,a
15,AU5-10,Arbutus unedo,Inocybe,geophylla,Inocybe geophylla,15 geophylla Inocybe geophylla,Basidiomycète,Inocybaceae,a
14,PINX-2,Pinus spp.,Inocybe,geophylla,Inocybe geophylla,14 geophylla Inocybe geophylla,Basidiomycète,Inocybaceae,a
14,PINX-3,Pinus spp.,Inocybe,geophylla,Inocybe geophylla,14 geophylla Inocybe geophylla,Basidiomycète,Inocybaceae,a
14,PINX-4,Pinus spp.,Inocybe,geophylla,Inocybe geophylla,14 geophylla Inocybe geophylla,Basidiomycète,Inocybaceae,a
14,PINX-6,Pinus spp.,Inocybe,geophylla,Inocybe geophylla,14 geophylla Inocybe geophylla,Basidiomycète,Inocybaceae,a
14,PINX-7,Pinus spp.,Inocybe,geophylla,Inocybe geophylla,14 geophylla Inocybe geophylla,Basidiomycète,Inocybaceae,a
15,FS2-10,Fagus sylvatica,Humaria,hemisphaerica,Humaria hemisphaerica,15 hemisphaerica Humaria hemisphaerica,Ascomycète,Pyronemataceae,a
14,QI3-4,Quercus ilex,Humaria,hemisphaerica,Humaria hemisphaerica,14 hemisphaerica Humaria hemisphaerica,Ascomycète,Pyronemataceae,a
15,QP1-8,Quercus pubescens,Peniophora,incarnata,Peniophora incarnata,15 incarnata Peniophora incarnata,Basidiomycète,Peniophoraceae,a
14,AU3-3,Arbutus unedo,Russula,integra,Russula integra,14 integra Russula integra,Basidiomycète,Russulaceae,a
14,AU3-4,Arbutus unedo,Russula,integra,Russula integra,14 integra Russula integra,Basidiomycète,Russulaceae,a
14,AU3-8,Arbutus unedo,Russula,integra,Russula integra,14 integra Russula integra,Basidiomycète,Russulaceae,a
7,CISTE2-7,Cistus salviifolius,Russula,integra,Russula integra,7 integra Russula integra,Basidiomycète,Russulaceae,a
7,CS1-5,Castanea sativa,Russula,integra,Russula integra,7 integra Russula integra,Basidiomycète,Russulaceae,b
7,QP2-6,Quercus pubescens,Russula,integra,Russula integra,7 integra Russula integra,Basidiomycète,Russulaceae,b
14,QP3-2,Quercus pubescens,Russula,lepida,Russula lepida,14 lepida Russula lepida,Basidiomycète,Russulaceae,a
14,CS4-2,Castanea sativa,Mycena,leptocephala,Mycena leptocephala,14 leptocephala Mycena leptocephala,Basidiomycète,Mycenaneae,a
15,PIN4-7,Pinus spp.,Suillus,luteus,Suillus luteus,15 luteus Suillus luteus,Basidiomycète,Boletaceae,b
7,AC1-3,Alnus cordata,Russula,nigrifacta,Russula nigrifacta,7 nigrifacta Russula nigrifacta,Basidiomycète,Russulaceae,a
7,CS6-2,Castanea sativa,Cortinarius,nolaneiformis,Cortinarius nolaneiformis,7 nolaneiformis Cortinarius nolaneiformis,Basidiomycète,Cortinariaceae,a
7,CS6-5,Castanea sativa,Cortinarius,nolaneiformis,Cortinarius nolaneiformis,7 nolaneiformis Cortinarius nolaneiformis,Basidiomycète,Cortinariaceae,a
7,CS6-6,Castanea sativa,Cortinarius,nolaneiformis,Cortinarius nolaneiformis,7 nolaneiformis Cortinarius nolaneiformis,Basidiomycète,Cortinariaceae,a
15,PIN7-5,Pinus spp.,Russula,olivacea,Russula olivacea,15 olivacea Russula olivacea,Basidiomycète,Russulaceae,a
7,AC4-3,Alnus cordata,Piloderma,olivaceum,Piloderma olivaceum,7 olivaceum Piloderma olivaceum,Ascomycète,Mollesiaceae,b
7,AU1-1,Arbutus unedo,Piloderma,olivaceum,Piloderma olivaceum,7 olivaceum Piloderma olivaceum,Ascomycète,Mollesiaceae,b
14,AU2-6,Arbutus unedo,Piloderma,olivaceum,Piloderma olivaceum,14 olivaceum Piloderma olivaceum,Ascomycète,Mollesiaceae,b
7,CS1-12,Castanea sativa,Piloderma,olivaceum,Piloderma olivaceum,7 olivaceum Piloderma olivaceum,Ascomycète,Mollesiaceae,b
14,CS3-17,Castanea sativa,Hydnum,ovoideisporum,Hydnum ovoideisporum,14 ovoideisporum Hydnum ovoideisporum,Basidiomycète,Hydnaceae,a
15,CS5-5,Castanea sativa,Hydnum,ovoideisporum,Hydnum ovoideisporum,15 ovoideisporum Hydnum ovoideisporum,Basidiomycète,Hydnaceae,a
15,CS5-8,Castanea sativa,Hydnum,ovoideisporum,Hydnum ovoideisporum,15 ovoideisporum Hydnum ovoideisporum,Basidiomycète,Hydnaceae,b
15,PIN2-14,Pinus spp.,Hydnum,ovoideisporum,Hydnum ovoideisporum,15 ovoideisporum Hydnum ovoideisporum,Basidiomycète,Hydnaceae,b
15,PIN2-15,Pinus spp.,Hydnum,ovoideisporum,Hydnum ovoideisporum,15 ovoideisporum Hydnum ovoideisporum,Basidiomycète,Hydnaceae,b
15,PIN2-16,Pinus spp.,Hydnum,ovoideisporum,Hydnum ovoideisporum,15 ovoideisporum Hydnum ovoideisporum,Basidiomycète,Hydnaceae,b
15,PIN2-17,Pinus spp.,Hydnum,ovoideisporum,Hydnum ovoideisporum,15 ovoideisporum Hydnum ovoideisporum,Basidiomycète,Hydnaceae,a
15,PIN2-5,Pinus spp.,Hydnum,ovoideisporum,Hydnum ovoideisporum,15 ovoideisporum Hydnum ovoideisporum,Basidiomycète,Hydnaceae,a
15,PIN2-7,Pinus spp.,Hydnum,ovoideisporum,Hydnum ovoideisporum,15 ovoideisporum Hydnum ovoideisporum,Basidiomycète,Hydnaceae,a
15,PIN2-9,Pinus spp.,Hydnum,ovoideisporum,Hydnum ovoideisporum,15 ovoideisporum Hydnum ovoideisporum,Basidiomycète,Hydnaceae,a
15,CS7-13,Castanea sativa,Golubevia,palescens,Golubevia palescens,15 palescens Golubevia palescens,Basidiomycète,Golubeviaceae,a
7,CJ1-1,Castanea sativa,Amanita,pantherina,Amanita pantherina,7 pantherina Amanita pantherina,Basidiomycète,Amanitaceae,a
14,CS3-1,Castanea sativa,Amanita,pantherina,Amanita pantherina,14 pantherina Amanita pantherina,Basidiomycète,Amanitaceae,a
14,CS3-15,Castanea sativa,Amanita,pantherina,Amanita pantherina,14 pantherina Amanita pantherina,Basidiomycète,Amanitaceae,a
14,CS7-12,Castanea sativa,Amanita,pantherina,Amanita pantherina,14 pantherina Amanita pantherina,Basidiomycète,Amanitaceae,a
15,FS1-14,Fagus sylvatica,Amanita,pantherina,Amanita pantherina,15 pantherina Amanita pantherina,Basidiomycète,Amanitaceae,a
15,FS1-6,Fagus sylvatica,Amanita,pantherina,Amanita pantherina,15 pantherina Amanita pantherina,Basidiomycète,Amanitaceae,a
15,FS1-8,Fagus sylvatica,Amanita,pantherina,Amanita pantherina,15 pantherina Amanita pantherina,Basidiomycète,Amanitaceae,a
15,FS6-15,Fagus sylvatica,Amanita,pantherina,Amanita pantherina,15 pantherina Amanita pantherina,Basidiomycète,Amanitaceae,a
15,FS6-16,Fagus sylvatica,Amanita,pantherina,Amanita pantherina,15 pantherina Amanita pantherina,Basidiomycète,Amanitaceae,a
15,FS6-2,Fagus sylvatica,Amanita,pantherina,Amanita pantherina,15 pantherina Amanita pantherina,Basidiomycète,Amanitaceae,a
15,FS6-3,Fagus sylvatica,Amanita,pantherina,Amanita pantherina,15 pantherina Amanita pantherina,Basidiomycète,Amanitaceae,a
15,PIN7-9,Pinus spp.,Amanita,pantherina,Amanita pantherina,15 pantherina Amanita pantherina,Basidiomycète,Amanitaceae,a
14,PIN3-9,Pinus spp.,Lactarius,piperatus,Lactarius piperatus,14 piperatus Lactarius piperatus,Basidiomycète,Russulaceae,a
15,CS6-3,Castanea sativa,Xerocomellus,porosporus,Xerocomellus porosporus,15 porosporus Xerocomellus porosporus,Basidiomycète,Boletaceae,a
15,CS6-5,Castanea sativa,Xerocomellus,porosporus,Xerocomellus porosporus,15 porosporus Xerocomellus porosporus,Basidiomycète,Boletaceae,a
15,CS6-6,Castanea sativa,Xerocomellus,porosporus,Xerocomellus porosporus,15 porosporus Xerocomellus porosporus,Basidiomycète,Boletaceae,a
15,CS6-8,Castanea sativa,Xerocomellus,porosporus,Xerocomellus porosporus,15 porosporus Xerocomellus porosporus,Basidiomycète,Boletaceae,a
15,QP4-4,Quercus pubescens,Tricholoma,portentosum,Tricholoma portentosum,15 portentosum Tricholoma portentosum,Ascomycète,Pyronemataceae,b
14,CS7-1,Castanea sativa,Saitozyma,potzolica,Saitozyma potzolica,14 potzolica Saitozyma potzolica,Basidiomycète,Trimorphomycetaceae,a
15,FS2-5,Fagus sylvatica,Saitozyma,potzolica,Saitozyma potzolica,15 potzolica Saitozyma potzolica,Basidiomycète,Trimorphomycetaceae,a
14,QI3-8,Quercus ilex,Saitozyma,potzolica,Saitozyma potzolica,14 potzolica Saitozyma potzolica,Basidiomycète,Trimorphomycetaceae,a
15,QP1-10,Quercus pubescens,Saitozyma,potzolica,Saitozyma potzolica,15 potzolica Saitozyma potzolica,Basidiomycète,Trimorphomycetaceae,a
14,CS5-9,Castanea sativa,Hydropus,pseudotenax,Hydropus pseudotenax,14 pseudotenax Hydropus pseudotenax,Basidiomycète,Marasmiaceae,a
7,CS1-10,Castanea sativa,Astraeus,pteridis,Astraeus pteridis,7 pteridis Astraeus pteridis,Basidiomycète,Tylosporaceae,a
7,CS1-3,Castanea sativa,Astraeus,pteridis,Astraeus pteridis,7 pteridis Astraeus pteridis,Basidiomycète,Tylosporaceae,a
7,CS1-4,Castanea sativa,Astraeus,pteridis,Astraeus pteridis,7 pteridis Astraeus pteridis,Basidiomycète,Tylosporaceae,b
14,CS7-13,Castanea sativa,Astraeus,pteridis,Astraeus pteridis,14 pteridis Astraeus pteridis,Basidiomycète,Tylosporaceae,b
14,CS7-14,Castanea sativa,Inocybe,pudica,Inocybe pudica,14 pudica Inocybe pudica,Basidiomycète,Inocybaceae,a
14,CS7-22,Castanea sativa,Inocybe,pudica,Inocybe pudica,14 pudica Inocybe pudica,Basidiomycète,Inocybaceae,b
14,CS7-4,Castanea sativa,Inocybe,pudica,Inocybe pudica,14 pudica Inocybe pudica,Basidiomycète,Inocybaceae,a
15,FS6-10,Fagus sylvatica,Piloderma,rallum,Piloderma rallum,15 rallum Piloderma rallum,Basidiomycète,Pilodermataceae,a
15,FS6-13,Fagus sylvatica,Piloderma,rallum,Piloderma rallum,15 rallum Piloderma rallum,Basidiomycète,Pilodermataceae,b
14,CS8-1,Castanea sativa,Russula,recondita,Russula recondita,14 recondita Russula recondita,Basidiomycète,Russulaceae,a
14,CS8-13,Castanea sativa,Russula,recondita,Russula recondita,14 recondita Russula recondita,Basidiomycète,Russulaceae,a
14,CS8-14,Castanea sativa,Russula,recondita,Russula recondita,14 recondita Russula recondita,Basidiomycète,Russulaceae,a
15,FS2-14,Fagus sylvatica,Russula,recondita,Russula recondita,15 recondita Russula recondita,Basidiomycète,Russulaceae,b
15,FS2-3,Fagus sylvatica,Russula,recondita,Russula recondita,15 recondita Russula recondita,Basidiomycète,Russulaceae,b
15,FS2-6,Fagus sylvatica,Russula,recondita,Russula recondita,15 recondita Russula recondita,Basidiomycète,Russulaceae,b
15,AU5-15,Arbutus unedo,Wilcoxina,rehmii,Wilcoxina rehmii,15 rehmii Wilcoxina rehmii,Ascomycète,Pyronemataceae,a
7,CS1-9,Castanea sativa,Wilcoxina,rehmii,Wilcoxina rehmii,7 rehmii Wilcoxina rehmii,Ascomycète,Pyronemataceae,a
15,PIN4S-2,Pinus spp.,Wilcoxina,rehmii,Wilcoxina rehmii,15 rehmii Wilcoxina rehmii,Ascomycète,Pyronemataceae,a
7,OC1,Ostrya carpinifolia,Russula,risigallina,Russula risigallina,7 risigallina Russula risigallina,Basidiomycète,Russulaceae,a
7,OC1-7,Ostrya carpinifolia,Russula,risigallina,Russula risigallina,7 risigallina Russula risigallina,Basidiomycète,Russulaceae,a
15,PIN1-7,Pinus spp.,Russula,risigallina,Russula risigallina,15 risigallina Russula risigallina,Basidiomycète,Russulaceae,a
15,QI2-13,Quercus ilex,Russula,risigallina,Russula risigallina,15 risigallina Russula risigallina,Basidiomycète,Russulaceae,a
7,AC2-3,Alnus cordata,Amanita,rubescens,Amanita rubescens,7 rubescens Amanita rubescens,Basidiomycète,Amanitaceae,a
7,CISTE2-3,Cistus salviifolius,Clavulina,rugosa,Clavulina rugosa,7 rugosa Clavulina rugosa,Basidiomycète,Clavulinaceae,a
7,CISTE2-5,Cistus salviifolius,Clavulina,rugosa,Clavulina rugosa,7 rugosa Clavulina rugosa,Basidiomycète,Clavulinaceae,a
14,CS1-9,Castanea sativa,Clavulina,rugosa,Clavulina rugosa,14 rugosa Clavulina rugosa,Basidiomycète,Clavulinaceae,b
14,AU1-10,Arbutus unedo,Russula,sanguinea,Russula sanguinea,14 sanguinea Russula sanguinea,Basidiomycète,Russulaceae,a
7,CS2-11,Castanea sativa,Russula,sanguinea,Russula sanguinea,7 sanguinea Russula sanguinea,Basidiomycète,Russulaceae,a
14,PIN1a-4,Pinus spp.,Russula,sanguinea,Russula sanguinea,14 sanguinea Russula sanguinea,Basidiomycète,Russulaceae,b
7,AU3-1,Arbutus unedo,Lactarius,serifluus,Lactarius serifluus,7 serifluus Lactarius serifluus,Basidiomycète,Russulaceae,b
7,AU3-2,Arbutus unedo,Lactarius,serifluus,Lactarius serifluus,7 serifluus Lactarius serifluus,Basidiomycète,Russulaceae,b
7,CS1-6,Castanea sativa,Lactarius,serifluus,Lactarius serifluus,7 serifluus Lactarius serifluus,Basidiomycète,Russulaceae,b
7,AC2-6,Alnus cordata,Talaromyces,sp,Talaromyces sp,7 sp Talaromyces sp,Ascomycète,Trichocomaceae,b
14,AU2-4,Arbutus unedo,Peniophora,sp,Peniophora sp,14 sp Peniophora sp,Basidiomycète,Peniophoraceae,b
14,AU2-5,Arbutus unedo,Peniophora,sp,Peniophora sp,14 sp Peniophora sp,Basidiomycète,Peniophoraceae,a
15,AU3-11,Arbutus unedo,Thelephora,sp,Thelephora sp,15 sp Thelephora sp,Basidiomycète,Thelephoraceae,a
15,AU3-12,Arbutus unedo,Lachnum,sp,Lachnum sp,15 sp Lachnum sp,Basidiomycète,Hydnangiaceae,a
15,AU3-13,Arbutus unedo,Thelephora,sp,Thelephora sp,15 sp Thelephora sp,Basidiomycète,Thelephoraceae,a
15,AU3-14,Arbutus unedo,Thelephora,sp,Thelephora sp,15 sp Thelephora sp,Basidiomycète,Thelephoraceae,a
15,AU3-15,Arbutus unedo,Thelephora,sp,Thelephora sp,15 sp Thelephora sp,Basidiomycète,Thelephoraceae,a
15,AU3-16,Arbutus unedo,Thelephora,sp,Thelephora sp,15 sp Thelephora sp,Basidiomycète,Thelephoraceae,a
15,AU3-17,Arbutus unedo,Thelephora,sp,Thelephora sp,15 sp Thelephora sp,Basidiomycète,Thelephoraceae,a
15,AU3-18,Arbutus unedo,Thelephora,sp,Thelephora sp,15 sp Thelephora sp,Basidiomycète,Thelephoraceae,a
15,AU3-4,Arbutus unedo,Thelephora,sp,Thelephora sp,15 sp Thelephora sp,Basidiomycète,Thelephoraceae,a
7,AU3-5,Arbutus unedo,Auricularia,sp,Auricularia sp,7 sp Auricularia sp,Basidiomycète,Auriculariaceae,a
15,AU3-5,Arbutus unedo,Helotiales,sp,Helotiales sp,15 sp Helotiales sp,Ascomycète,Helotiales,a
14,AU3-6,Arbutus unedo,Lachnum,sp,Lachnum sp,14 sp Lachnum sp,Basidiomycète,Hydnangiaceae,a
15,AU3-8,Arbutus unedo,Helotiales,sp,Helotiales sp,15 sp Helotiales sp,Ascomycète,Helotiales,a
7,CISTE2-5,Cistus salviifolius,Phaeosphaeriae,sp,Phaeosphaeriae sp,7 sp Phaeosphaeriae sp,Ascomycète,Phaeospharia,a
14,CISTEX-11,Cistus salviifolius,Terfezia,sp,Terfezia sp,14 sp Terfezia sp,Ascomycète,Terfeziaceae,a
14,CISTEX-3,Cistus salviifolius,Terfezia,sp,Terfezia sp,14 sp Terfezia sp,Ascomycète,Terfeziaceae,a
14,CISTEX-4,Cistus salviifolius,Terfezia,sp,Terfezia sp,14 sp Terfezia sp,Ascomycète,Terfeziaceae,a
14,CISTEX-9,Cistus salviifolius,Terfezia,sp,Terfezia sp,14 sp Terfezia sp,Ascomycète,Terfeziaceae,a
15,CS1-10,Castanea sativa,Trichoderma,sp,Trichoderma sp,15 sp Trichoderma sp,Basidiomycète,Trechisporale,a
14,CS1-7,Castanea sativa,Exidia,sp,Exidia sp,14 sp Exidia sp,Basidiomycète,Exidiaceae,a
7,CS1-8,Castanea sativa,Trichophaea,sp,Trichophaea sp,7 sp Trichophaea sp,Ascomycète,Pyronemataceae,a
7,CS2-10,Castanea sativa,Trichophaea,sp,Trichophaea sp,7 sp Trichophaea sp,Ascomycète,Pyronemataceae,a
7,CS2-15,Castanea sativa,Trichophaea,sp,Trichophaea sp,7 sp Trichophaea sp,Ascomycète,Pyronemataceae,a
15,CS2-6,Castanea sativa,Hyaloscyphaceae,sp,Hyaloscyphaceae sp,15 sp Hyaloscyphaceae sp,Ascomycète,Hyaloscyphaceae,a
7,CS2-8,Castanea sativa,Galactinia,sp,Galactinia sp,7 sp Galactinia sp,Ascomycète,Pezizaceae,a
7,CS2-9,Castanea sativa,Galactinia,sp,Galactinia sp,7 sp Galactinia sp,Ascomycète,Pezizaceae,a
14,CS3-8,Castanea sativa,Cladosporium,sp,Cladosporium sp,14 sp Cladosporium sp,Ascomycète,Cladosporiaceae,a
15,CS4-2,Castanea sativa,Tomentella,sp,Tomentella sp,15 sp Tomentella sp,Basidiomycète,Thelephoraceae,a
14,CS4-7,Castanea sativa,Lachnum,sp,Lachnum sp,14 sp Lachnum sp,Basidiomycète,Hydnangiaceae,a
7,CS5-8,Castanea sativa,Oidiodendron,sp,Oidiodendron sp,7 sp Oidiodendron sp,Ascomycète,Myxotrichaceae,a
7,CS6-7,Castanea sativa,Cortinarius,sp,Cortinarius sp,7 sp Cortinarius sp,Basidiomycète,Cortinariaceae,a
14,CS7-16,Castanea sativa,Tomentella,sp,Tomentella sp,14 sp Tomentella sp,Basidiomycète,Thelephoraceae,a
14,CS8-10,Castanea sativa,Trichophaea,sp,Trichophaea sp,14 sp Trichophaea sp,Ascomycète,Pyronemataceae,a
14,CS8-12,Castanea sativa,Trichophaea,sp,Trichophaea sp,14 sp Trichophaea sp,Ascomycète,Pyronemataceae,a
14,CS8-16,Castanea sativa,Neonectria,sp,Neonectria sp,14 sp Neonectria sp,Ascomycète,Nectriaceae,a
14,CS8-2,Castanea sativa,Trichophaea,sp,Trichophaea sp,14 sp Trichophaea sp,Ascomycète,Pyronemataceae,b
14,CS8-3,Castanea sativa,Helvellosebacina,sp,Helvellosebacina sp,14 sp Helvellosebacina sp,Basidiomycète,Sebacinaceae,a
14,CS8-4,Castanea sativa,Trichophaea,sp,Trichophaea sp,14 sp Trichophaea sp,Ascomycète,Pyronemataceae,b
14,CS8-5,Castanea sativa,Oliveonia,sp,Oliveonia sp,14 sp Oliveonia sp,Basidiomycète,Oliveoniaceae,a
14,CS8-6,Castanea sativa,Oliveonia,sp,Oliveonia sp,14 sp Oliveonia sp,Basidiomycète,Oliveoniaceae,a
14,CS8-7,Castanea sativa,Neonectria,sp,Neonectria sp,14 sp Neonectria sp,Ascomycète,Nectriaceae,a
14,CS8-8,Castanea sativa,Trichophaea,sp,Trichophaea sp,14 sp Trichophaea sp,Ascomycète,Pyronemataceae,a
15,FS1-11,Fagus sylvatica,Trichophaea,sp,Trichophaea sp,15 sp Trichophaea sp,Ascomycète,Pyronemataceae,a
15,FS1-12,Fagus sylvatica,Trichophaea,sp,Trichophaea sp,15 sp Trichophaea sp,Ascomycète,Pyronemataceae,a
15,FS1-3,Fagus sylvatica,Trichophaea,sp,Trichophaea sp,15 sp Trichophaea sp,Ascomycète,Pyronemataceae,a
15,FS1-9,Fagus sylvatica,Trichophaea,sp,Trichophaea sp,15 sp Trichophaea sp,Ascomycète,Pyronemataceae,b
15,FS6-12,Fagus sylvatica,Galactinia,sp,Galactinia sp,15 sp Galactinia sp,Ascomycète,Pezizaceae,a
15,FS6-17,Fagus sylvatica,Pachyphlodes,sp,Pachyphlodes sp,15 sp Pachyphlodes sp,Ascomycète,Pezizaceae,a
15,FS6-8,Fagus sylvatica,Cenococcum,sp,Cenococcum sp,15 sp Cenococcum sp,Ascomycète,Dothydeomycetes,b
15,PIN1-8,Pinus spp.,Lachnum,sp,Lachnum sp,15 sp Lachnum sp,Basidiomycète,Hydnangiaceae,a
15,PIN2-8,Pinus spp.,Oidiodendron,sp,Oidiodendron sp,15 sp Oidiodendron sp,Ascomycète,Myxotrichaceae,a
14,PIN3-13,Pinus spp.,Byssocorticium,sp,Byssocorticium sp,14 sp Byssocorticium sp,Basidiomycète,Byssicorticiaceae,a
15,PIN4S-7,Pinus spp.,Atheliaceae,sp,Atheliaceae sp,15 sp Atheliaceae sp,Basidiomycète,Atheliaceae,a
15,PIN7-1,Pinus spp.,Venturia,sp,Venturia sp,15 sp Venturia sp,Ascomycète,Pyronemataceae,a
15,PIN7-3,Pinus spp.,Venturia,sp,Venturia sp,15 sp Venturia sp,Ascomycète,Pyronemataceae,a
15,PIN7-7,Pinus spp.,Hymenoscyphus,sp,Hymenoscyphus sp,15 sp Hymenoscyphus sp,Ascomycète,Helotiaceae,a
14,PINX-8,Pinus spp.,Geopora,sp,Geopora sp,14 sp Geopora sp,Ascomycète,Pyronemataceae,a
14,QI1-1,Quercus ilex,Cryptodiscus,sp,Cryptodiscus sp,14 sp Cryptodiscus sp,Ascomycète,Lecanorale,a
15,QI1-1,Quercus ilex,Oidiodendron,sp,Oidiodendron sp,15 sp Oidiodendron sp,Ascomycète,Myxotrichaceae,a
7,QI1-4,Quercus ilex,Cenococcum,sp,Cenococcum sp,7 sp Cenococcum sp,Ascomycète,Dothydeomycetes,a
15,QI2-3,Quercus ilex,Oidiodendron,sp,Oidiodendron sp,15 sp Oidiodendron sp,Ascomycète,Myxotrichaceae,a
15,QI2-7,Quercus ilex,Russula,sp,Russula sp,15 sp Russula sp,Basidiomycète,Russulaceae,a
7,QI4-3,Quercus ilex,Tomentella,sp,Tomentella sp,7 sp Tomentella sp,Basidiomycète,Thelephoraceae,b
15,QP2-5,Quercus pubescens,Inocybe,sp,Inocybe sp,15 sp Inocybe sp,Basidiomycète,Inocybaceae,a
14,QP3-10,Quercus pubescens,Nagrajchalara,sp,Nagrajchalara sp,14 sp Nagrajchalara sp,Ascomycète,Helotiales,a
15,QP3-5,Quercus pubescens,Genea,sp,Genea sp,15 sp Genea sp,Ascomycète,Pyronemataceae,a
14,QP3-6,Quercus pubescens,Pezizales,sp,Pezizales sp,14 sp Pezizales sp,Ascomycète,Pezizale,a
15,QP4-2,Quercus pubescens,Sebacina,sp,Sebacina sp,15 sp Sebacina sp,Basidiomycète,Sebacinaceae,a
15,QP7-5,Quercus pubescens,Pseudotomentella,sp,Pseudotomentella sp,15 sp Pseudotomentella sp,Basidiomycète,Thelephoraceae,a
15,QP7-6,Quercus pubescens,Simplicillium,sp,Simplicillium sp,15 sp Simplicillium sp,Basidiomycète,Cxordycipitaceae,a
7,AC2-2,Alnus cordata,Laccaria,sp1,Laccaria sp1,7 sp1 Laccaria sp1,Basidiomycète,Hydnangiaceae,a
7,AC2-4,Alnus cordata,Laccaria,sp1,Laccaria sp1,7 sp1 Laccaria sp1,Basidiomycète,Hydnangiaceae,a
14,AU3-2,Arbutus unedo,Amphinema,sp1,Amphinema sp1,14 sp1 Amphinema sp1,Basidiomycète,Tylosporaceae,a
14,AU3-5,Arbutus unedo,Amphinema,sp1,Amphinema sp1,14 sp1 Amphinema sp1,Basidiomycète,Tylosporaceae,a
14,AU3-7,Arbutus unedo,Amphinema,sp1,Amphinema sp1,14 sp1 Amphinema sp1,Basidiomycète,Tylosporaceae,a
7,AU3-8,Arbutus unedo,Tomentella,sp1,Tomentella sp1,7 sp1 Tomentella sp1,Basidiomycète,Thelephoraceae,a
7,CISTE2-2,Cistus salviifolius,Pyronemataceae,sp1,Pyronemataceae sp1,7 sp1 Pyronemataceae sp1,Ascomycète,Pyronemataceae,a
14,CISTEX-8,Cistus salviifolius,Tomentella,sp1,Tomentella sp1,14 sp1 Tomentella sp1,Basidiomycète,Thelephoraceae,a
7,CJ1-5,Castanea sativa,Cenococcum,sp1,Cenococcum sp1,7 sp1 Cenococcum sp1,Ascomycète,Dothydeomycetes,a
7,CJ1-8,Castanea sativa,Sistotrema,sp1,Sistotrema sp1,7 sp1 Sistotrema sp1,Basidiomycète,Hydnaceae,a
15,CS1-1,Castanea sativa,Sebacina,sp1,Sebacina sp1,15 sp1 Sebacina sp1,Basidiomycète,Sebacinaceae,a
15,CS1-11,Castanea sativa,Sebacina,sp1,Sebacina sp1,15 sp1 Sebacina sp1,Basidiomycète,Sebacinaceae,a
15,CS1-2,Castanea sativa,Sebacina,sp1,Sebacina sp1,15 sp1 Sebacina sp1,Basidiomycète,Sebacinaceae,b
15,CS1-7,Castanea sativa,Sebacina,sp1,Sebacina sp1,15 sp1 Sebacina sp1,Basidiomycète,Sebacinaceae,a
15,CS1-9,Castanea sativa,Sebacina,sp1,Sebacina sp1,15 sp1 Sebacina sp1,Basidiomycète,Sebacinaceae,b
15,CS2-4,Castanea sativa,Amphinema,sp1,Amphinema sp1,15 sp1 Amphinema sp1,Basidiomycète,Tylosporaceae,a
7,CS3-1,Castanea sativa,Amphinema,sp1,Amphinema sp1,7 sp1 Amphinema sp1,Basidiomycète,Tylosporaceae,a
15,CS3-9,Castanea sativa,Sebacina,sp1,Sebacina sp1,15 sp1 Sebacina sp1,Basidiomycète,Sebacinaceae,a
7,CS4-10,Castanea sativa,Cenococcum,sp1,Cenococcum sp1,7 sp1 Cenococcum sp1,Ascomycète,Dothydeomycetes,a
15,CS4-7,Castanea sativa,Helotiales,sp1,Helotiales sp1,15 sp1 Helotiales sp1,Ascomycète,Helotiales,a
7,CS5-14,Castanea sativa,Sistotrema,sp1,Sistotrema sp1,7 sp1 Sistotrema sp1,Basidiomycète,Hydnaceae,b
7,CS5-4,Castanea sativa,Sistotrema,sp1,Sistotrema sp1,7 sp1 Sistotrema sp1,Basidiomycète,Hydnaceae,a
7,CS5-5,Castanea sativa,Sistotrema,sp1,Sistotrema sp1,7 sp1 Sistotrema sp1,Basidiomycète,Hydnaceae,a
7,CS5-6,Castanea sativa,Sistotrema,sp1,Sistotrema sp1,7 sp1 Sistotrema sp1,Basidiomycète,Hydnaceae,a
7,CS6-1,Castanea sativa,Cenococcum,sp1,Cenococcum sp1,7 sp1 Cenococcum sp1,Ascomycète,Dothydeomycetes,b
7,CS6-8,Castanea sativa,Oidiodendron,sp1,Oidiodendron sp1,7 sp1 Oidiodendron sp1,Ascomycète,Myxotrichaceae,a
14,CS7-10,Castanea sativa,Laccaria,sp1,Laccaria sp1,14 sp1 Laccaria sp1,Basidiomycète,Hydnangiaceae,a
14,CS7-15,Castanea sativa,Laccaria,sp1,Laccaria sp1,14 sp1 Laccaria sp1,Basidiomycète,Hydnangiaceae,a
15,CS7-2,Castanea sativa,Piloderma,sp1,Piloderma sp1,15 sp1 Piloderma sp1,Basidiomycète,Pilodermataceae,a
14,CS7-21,Castanea sativa,Laccaria,sp1,Laccaria sp1,14 sp1 Laccaria sp1,Basidiomycète,Hydnangiaceae,a
14,CS7-5,Castanea sativa,Laccaria,sp1,Laccaria sp1,14 sp1 Laccaria sp1,Basidiomycète,Hydnangiaceae,a
14,CS7-8,Castanea sativa,Laccaria,sp1,Laccaria sp1,14 sp1 Laccaria sp1,Basidiomycète,Hydnangiaceae,a
7,OC2-3,Ostrya carpinifolia,Mortierella,sp1,Mortierella sp1,7 sp1 Mortierella sp1,Mucoromycète,Mortierellaceae,a
14,PIN3-11,Pinus spp.,Trechisporales,sp1,Trechisporales sp1,14 sp1 Trechisporales sp1,Basidiomycète,Trechisporale,a
15,QI2-4,Quercus ilex,Sebacina,sp1,Sebacina sp1,15 sp1 Sebacina sp1,Basidiomycète,Sebacinaceae,a
14,QI2-8,Quercus ilex,Talaromyces,sp1,Talaromyces sp1,14 sp1 Talaromyces sp1,Ascomycète,Trichocomaceae,a
14,QI3-13,Quercus ilex,Oidiodendron,sp1,Oidiodendron sp1,14 sp1 Oidiodendron sp1,Ascomycète,Myxotrichaceae,a
7,QI4-1,Quercus ilex,Mortierella,sp1,Mortierella sp1,7 sp1 Mortierella sp1,Mucoromycète,Mortierellaceae,b
15,QP1-3,Quercus pubescens,Sistotrema,sp1,Sistotrema sp1,15 sp1 Sistotrema sp1,Basidiomycète,Hydnaceae,a
7,QP2-1,Quercus pubescens,Tomentella,sp1,Tomentella sp1,7 sp1 Tomentella sp1,Basidiomycète,Thelephoraceae,a
7,QP2-2,Quercus pubescens,Tomentella,sp1,Tomentella sp1,7 sp1 Tomentella sp1,Basidiomycète,Thelephoraceae,a
7,QP2-3,Quercus pubescens,Tomentella,sp1,Tomentella sp1,7 sp1 Tomentella sp1,Basidiomycète,Thelephoraceae,a
7,QP2-4,Quercus pubescens,Tomentella,sp1,Tomentella sp1,7 sp1 Tomentella sp1,Basidiomycète,Thelephoraceae,b
7,QP2-5,Quercus pubescens,Tomentella,sp1,Tomentella sp1,7 sp1 Tomentella sp1,Basidiomycète,Thelephoraceae,a
15,QP4-13,Quercus pubescens,Helotiales,sp1,Helotiales sp1,15 sp1 Helotiales sp1,Ascomycète,Helotiales,b
15,CS3-5,Castanea sativa,Tomentella,sp10,Tomentella sp10,15 sp10 Tomentella sp10,Basidiomycète,Thelephoraceae,a
14,CS5-12,Castanea sativa,Tomentella,sp10,Tomentella sp10,14 sp10 Tomentella sp10,Basidiomycète,Thelephoraceae,a
15,CS5-2,Castanea sativa,Tomentella,sp10,Tomentella sp10,15 sp10 Tomentella sp10,Basidiomycète,Thelephoraceae,a
7,QI4-5,Quercus ilex,Tomentella,sp11,Tomentella sp11,7 sp11 Tomentella sp11,Basidiomycète,Thelephoraceae,a
15,QP7-12,Quercus pubescens,Tomentella,sp12,Tomentella sp12,15 sp12 Tomentella sp12,Basidiomycète,Thelephoraceae,a
15,QP7-13,Quercus pubescens,Tomentella,sp12,Tomentella sp12,15 sp12 Tomentella sp12,Basidiomycète,Thelephoraceae,a
15,QP7-14,Quercus pubescens,Tomentella,sp12,Tomentella sp12,15 sp12 Tomentella sp12,Basidiomycète,Thelephoraceae,a
7,OC1-1,Ostrya carpinifolia,Tomentella,sp13,Tomentella sp13,7 sp13 Tomentella sp13,Basidiomycète,Thelephoraceae,a
7,OC1-6,Ostrya carpinifolia,Tomentella,sp13,Tomentella sp13,7 sp13 Tomentella sp13,Basidiomycète,Thelephoraceae,b
7,OC1-9,Ostrya carpinifolia,Tomentella,sp13,Tomentella sp13,7 sp13 Tomentella sp13,Basidiomycète,Thelephoraceae,a
15,QP3-10,Quercus pubescens,Tomentella,sp13,Tomentella sp13,15 sp13 Tomentella sp13,Basidiomycète,Thelephoraceae,a
15,QP3-3,Quercus pubescens,Tomentella,sp13,Tomentella sp13,15 sp13 Tomentella sp13,Basidiomycète,Thelephoraceae,a
14,QP3-4,Quercus pubescens,Tomentella,sp13,Tomentella sp13,14 sp13 Tomentella sp13,Basidiomycète,Thelephoraceae,a
15,QP4-10,Quercus pubescens,Tomentella,sp13,Tomentella sp13,15 sp13 Tomentella sp13,Basidiomycète,Thelephoraceae,a
7,CS5-10,Castanea sativa,Tomentella,sp14,Tomentella sp14,7 sp14 Tomentella sp14,Basidiomycète,Thelephoraceae,a
15,QI1-2,Quercus ilex,Tomentella,sp14,Tomentella sp14,15 sp14 Tomentella sp14,Basidiomycète,Thelephoraceae,a
7,CS3-2,Castanea sativa,Tomentella,sp17,Tomentella sp17,7 sp17 Tomentella sp17,Basidiomycète,Thelephoraceae,a
7,CS3-3,Castanea sativa,Tomentella,sp17,Tomentella sp17,7 sp17 Tomentella sp17,Basidiomycète,Thelephoraceae,b
7,CS3-4,Castanea sativa,Tomentella,sp17,Tomentella sp17,7 sp17 Tomentella sp17,Basidiomycète,Thelephoraceae,b
7,QI1-3,Quercus ilex,Tomentella,sp17,Tomentella sp17,7 sp17 Tomentella sp17,Basidiomycète,Thelephoraceae,b
15,QI6-4,Quercus ilex,Tomentella,sp18,Tomentella sp18,15 sp18 Tomentella sp18,Basidiomycète,Thelephoraceae,a
7,CS4-12,Castanea sativa,Tomentella,sp19,Tomentella sp19,7 sp19 Tomentella sp19,Basidiomycète,Thelephoraceae,a
7,CS4-5,Castanea sativa,Tomentella,sp19,Tomentella sp19,7 sp19 Tomentella sp19,Basidiomycète,Thelephoraceae,a
15,CS7-7,Castanea sativa,Tomentella,sp19,Tomentella sp19,15 sp19 Tomentella sp19,Basidiomycète,Thelephoraceae,a
15,CS7-8,Castanea sativa,Tomentella,sp19,Tomentella sp19,15 sp19 Tomentella sp19,Basidiomycète,Thelephoraceae,a
15,FS6-11,Fagus sylvatica,Tomentella,sp19,Tomentella sp19,15 sp19 Tomentella sp19,Basidiomycète,Thelephoraceae,a
15,FS6-4,Fagus sylvatica,Tomentella,sp19,Tomentella sp19,15 sp19 Tomentella sp19,Basidiomycète,Thelephoraceae,a
15,QP2-3,Quercus pubescens,Tomentella,sp19,Tomentella sp19,15 sp19 Tomentella sp19,Basidiomycète,Thelephoraceae,a
15,QP2-6,Quercus pubescens,Tomentella,sp19,Tomentella sp19,15 sp19 Tomentella sp19,Basidiomycète,Thelephoraceae,b
15,QP2-9,Quercus pubescens,Tomentella,sp19,Tomentella sp19,15 sp19 Tomentella sp19,Basidiomycète,Thelephoraceae,a
7,AC1-1,Alnus cordata,Oidiodendron,sp2,Oidiodendron sp2,7 sp2 Oidiodendron sp2,Ascomycète,Myxotrichaceae,a
7,AC1-5,Alnus cordata,Oidiodendron,sp2,Oidiodendron sp2,7 sp2 Oidiodendron sp2,Ascomycète,Myxotrichaceae,a
7,AC1-9,Alnus cordata,Talaromyces,sp2,Talaromyces sp2,7 sp2 Talaromyces sp2,Ascomycète,Trichocomaceae,a
7,AC2-10,Alnus cordata,Oidiodendron,sp2,Oidiodendron sp2,7 sp2 Oidiodendron sp2,Ascomycète,Myxotrichaceae,b
7,AC2-5,Alnus cordata,Oidiodendron,sp2,Oidiodendron sp2,7 sp2 Oidiodendron sp2,Ascomycète,Myxotrichaceae,b
7,AC2-9,Alnus cordata,Sistotrema,sp2,Sistotrema sp2,7 sp2 Sistotrema sp2,Basidiomycète,Hydnaceae,a
7,AU1-10,Arbutus unedo,Helotiales,sp2,Helotiales sp2,7 sp2 Helotiales sp2,Ascomycète,Helotiales,a
7,AU1-11,Arbutus unedo,Laccaria,sp2,Laccaria sp2,7 sp2 Laccaria sp2,Basidiomycète,Hydnangiaceae,a
15,AU1-3,Arbutus unedo,Oidiodendron,sp2,Oidiodendron sp2,15 sp2 Oidiodendron sp2,Ascomycète,Myxotrichaceae,b
7,AU1-6,Arbutus unedo,Oidiodendron,sp2,Oidiodendron sp2,7 sp2 Oidiodendron sp2,Ascomycète,Myxotrichaceae,a
15,AU2-5,Arbutus unedo,Oidiodendron,sp2,Oidiodendron sp2,15 sp2 Oidiodendron sp2,Ascomycète,Myxotrichaceae,a
7,AU3-7,Arbutus unedo,Oidiodendron,sp2,Oidiodendron sp2,7 sp2 Oidiodendron sp2,Ascomycète,Myxotrichaceae,a
7,CISTE2-1,Cistus salviifolius,Laccaria,sp2,Laccaria sp2,7 sp2 Laccaria sp2,Basidiomycète,Hydnangiaceae,a
7,CISTE2-6,Cistus salviifolius,Oidiodendron,sp2,Oidiodendron sp2,7 sp2 Oidiodendron sp2,Ascomycète,Myxotrichaceae,a
7,CISTE2-7,Cistus salviifolius,Pyronemataceae,sp2,Pyronemataceae sp2,7 sp2 Pyronemataceae sp2,Ascomycète,Pyronemataceae,a
7,CISTE2-8,Cistus salviifolius,Laccaria,sp2,Laccaria sp2,7 sp2 Laccaria sp2,Basidiomycète,Hydnangiaceae,a
7,CISTE2-9,Cistus salviifolius,Laccaria,sp2,Laccaria sp2,7 sp2 Laccaria sp2,Basidiomycète,Hydnangiaceae,a
7,CS1-1,Castanea sativa,Laccaria,sp2,Laccaria sp2,7 sp2 Laccaria sp2,Basidiomycète,Hydnangiaceae,a
15,CS1-3,Castanea sativa,Trechisporales,sp2,Trechisporales sp2,15 sp2 Trechisporales sp2,Basidiomycète,Trechisporale,a
15,CS2-1,Castanea sativa,Laccaria,sp2,Laccaria sp2,15 sp2 Laccaria sp2,Basidiomycète,Hydnangiaceae,a
15,CS2-10,Castanea sativa,Laccaria,sp2,Laccaria sp2,15 sp2 Laccaria sp2,Basidiomycète,Hydnangiaceae,a
15,CS2-11,Castanea sativa,Laccaria,sp2,Laccaria sp2,15 sp2 Laccaria sp2,Basidiomycète,Hydnangiaceae,a
15,CS2-2,Castanea sativa,Laccaria,sp2,Laccaria sp2,15 sp2 Laccaria sp2,Basidiomycète,Hydnangiaceae,a
15,CS2-3,Castanea sativa,Laccaria,sp2,Laccaria sp2,15 sp2 Laccaria sp2,Basidiomycète,Hydnangiaceae,a
15,CS3-1,Castanea sativa,Piloderma,sp2,Piloderma sp2,15 sp2 Piloderma sp2,Basidiomycète,Pilodermataceae,b
14,CS3-16,Castanea sativa,Oidiodendron,sp2,Oidiodendron sp2,14 sp2 Oidiodendron sp2,Ascomycète,Myxotrichaceae,a
14,CS3-2,Castanea sativa,Cenococcum,sp2,Cenococcum sp2,14 sp2 Cenococcum sp2,Ascomycète,Dothydeomycetes,a
14,CS3-21,Castanea sativa,Oidiodendron,sp2,Oidiodendron sp2,14 sp2 Oidiodendron sp2,Ascomycète,Myxotrichaceae,a
14,CS3-6,Castanea sativa,Oidiodendron,sp2,Oidiodendron sp2,14 sp2 Oidiodendron sp2,Ascomycète,Myxotrichaceae,a
14,CS3-7,Castanea sativa,Oidiodendron,sp2,Oidiodendron sp2,14 sp2 Oidiodendron sp2,Ascomycète,Myxotrichaceae,a
7,CS4-4,Castanea sativa,Oidiodendron,sp2,Oidiodendron sp2,7 sp2 Oidiodendron sp2,Ascomycète,Myxotrichaceae,a
15,CS4-5,Castanea sativa,Oidiodendron,sp2,Oidiodendron sp2,15 sp2 Oidiodendron sp2,Ascomycète,Myxotrichaceae,a
7,CS4-7,Castanea sativa,Oidiodendron,sp2,Oidiodendron sp2,7 sp2 Oidiodendron sp2,Ascomycète,Myxotrichaceae,b
15,CS4-9,Castanea sativa,Oidiodendron,sp2,Oidiodendron sp2,15 sp2 Oidiodendron sp2,Ascomycète,Myxotrichaceae,a
7,CS5-15,Castanea sativa,Oidiodendron,sp2,Oidiodendron sp2,7 sp2 Oidiodendron sp2,Ascomycète,Myxotrichaceae,a
14,CS5-4,Castanea sativa,Oidiodendron,sp2,Oidiodendron sp2,14 sp2 Oidiodendron sp2,Ascomycète,Myxotrichaceae,a
14,CS5-5,Castanea sativa,Oidiodendron,sp2,Oidiodendron sp2,14 sp2 Oidiodendron sp2,Ascomycète,Myxotrichaceae,a
7,CS5-9,Castanea sativa,Oidiodendron,sp2,Oidiodendron sp2,7 sp2 Oidiodendron sp2,Ascomycète,Myxotrichaceae,a
7,CS6-3,Castanea sativa,Sebacina,sp2,Sebacina sp2,7 sp2 Sebacina sp2,Basidiomycète,Sebacinaceae,a
15,FS1-1,Fagus sylvatica,Laccaria,sp2,Laccaria sp2,15 sp2 Laccaria sp2,Basidiomycète,Hydnangiaceae,a
15,FS1-10,Fagus sylvatica,Laccaria,sp2,Laccaria sp2,15 sp2 Laccaria sp2,Basidiomycète,Hydnangiaceae,a
7,OC2-2,Ostrya carpinifolia,Oidiodendron,sp2,Oidiodendron sp2,7 sp2 Oidiodendron sp2,Ascomycète,Myxotrichaceae,a
7,OC2-6,Ostrya carpinifolia,Oidiodendron,sp2,Oidiodendron sp2,7 sp2 Oidiodendron sp2,Ascomycète,Myxotrichaceae,a
14,PIN1a-3,Pinus spp.,Oidiodendron,sp2,Oidiodendron sp2,14 sp2 Oidiodendron sp2,Ascomycète,Myxotrichaceae,a
15,PIN2-10,Pinus spp.,Tomentella,sp2,Tomentella sp2,15 sp2 Tomentella sp2,Basidiomycète,Thelephoraceae,a
15,PIN2-11,Pinus spp.,Tomentella,sp2,Tomentella sp2,15 sp2 Tomentella sp2,Basidiomycète,Thelephoraceae,a
15,PIN2-18,Pinus spp.,Tomentella,sp2,Tomentella sp2,15 sp2 Tomentella sp2,Basidiomycète,Thelephoraceae,a
15,PIN2-2,Pinus spp.,Tomentella,sp2,Tomentella sp2,15 sp2 Tomentella sp2,Basidiomycète,Thelephoraceae,a
15,PIN2-6,Pinus spp.,Tomentella,sp2,Tomentella sp2,15 sp2 Tomentella sp2,Basidiomycète,Thelephoraceae,a
14,PIN3-15,Pinus spp.,Oidiodendron,sp2,Oidiodendron sp2,14 sp2 Oidiodendron sp2,Ascomycète,Myxotrichaceae,a
14,PIN3-4,Pinus spp.,Oidiodendron,sp2,Oidiodendron sp2,14 sp2 Oidiodendron sp2,Ascomycète,Myxotrichaceae,a
15,PIN4S-1,Pinus spp.,Amphinema,sp2,Amphinema sp2,15 sp2 Amphinema sp2,Basidiomycète,Tylosporaceae,a
15,PIN4S-3,Pinus spp.,Oidiodendron,sp2,Oidiodendron sp2,15 sp2 Oidiodendron sp2,Ascomycète,Myxotrichaceae,a
15,PIN4S-9,Pinus spp.,Amphinema,sp2,Amphinema sp2,15 sp2 Amphinema sp2,Basidiomycète,Tylosporaceae,b
14,PINX-1,Pinus spp.,Helotiales,sp2,Helotiales sp2,14 sp2 Helotiales sp2,Ascomycète,Helotiales,b
7,QI1-7,Quercus ilex,Mortierella,sp2,Mortierella sp2,7 sp2 Mortierella sp2,Mucoromycète,Mortierellaceae,b
14,QI1-9,Quercus ilex,Oidiodendron,sp2,Oidiodendron sp2,14 sp2 Oidiodendron sp2,Ascomycète,Myxotrichaceae,a
14,QI2-2,Quercus ilex,Sebacina,sp2,Sebacina sp2,14 sp2 Sebacina sp2,Basidiomycète,Sebacinaceae,a
14,QI3-11,Quercus ilex,Sebacina,sp2,Sebacina sp2,14 sp2 Sebacina sp2,Basidiomycète,Sebacinaceae,a
15,QI4-12,Quercus ilex,Oidiodendron,sp2,Oidiodendron sp2,15 sp2 Oidiodendron sp2,Ascomycète,Myxotrichaceae,a
15,QI4-4,Quercus ilex,Oidiodendron,sp2,Oidiodendron sp2,15 sp2 Oidiodendron sp2,Ascomycète,Myxotrichaceae,a
7,QI4-6,Quercus ilex,Oidiodendron,sp2,Oidiodendron sp2,7 sp2 Oidiodendron sp2,Ascomycète,Myxotrichaceae,a
15,QI4-6,Quercus ilex,Oidiodendron,sp2,Oidiodendron sp2,15 sp2 Oidiodendron sp2,Ascomycète,Myxotrichaceae,a
15,QP4-12,Quercus pubescens,Oidiodendron,sp2,Oidiodendron sp2,15 sp2 Oidiodendron sp2,Ascomycète,Myxotrichaceae,a
15,QP4-15,Quercus pubescens,Oidiodendron,sp2,Oidiodendron sp2,15 sp2 Oidiodendron sp2,Ascomycète,Myxotrichaceae,a
15,QP4-2,Quercus pubescens,Oidiodendron,sp2,Oidiodendron sp2,15 sp2 Oidiodendron sp2,Ascomycète,Myxotrichaceae,a
14,CS7-17,Castanea sativa,Tomentella,sp20,Tomentella sp20,14 sp20 Tomentella sp20,Basidiomycète,Thelephoraceae,a
14,CS7-18,Castanea sativa,Tomentella,sp20,Tomentella sp20,14 sp20 Tomentella sp20,Basidiomycète,Thelephoraceae,a
14,CS7-19,Castanea sativa,Tomentella,sp20,Tomentella sp20,14 sp20 Tomentella sp20,Basidiomycète,Thelephoraceae,b
14,CS7-6,Castanea sativa,Tomentella,sp20,Tomentella sp20,14 sp20 Tomentella sp20,Basidiomycète,Thelephoraceae,b
7,QI1-5,Quercus ilex,Tomentella,sp20,Tomentella sp20,7 sp20 Tomentella sp20,Basidiomycète,Thelephoraceae,b
15,CS7-3,Castanea sativa,Tomentella,sp21,Tomentella sp21,15 sp21 Tomentella sp21,Basidiomycète,Thelephoraceae,b
15,FS1-13,Fagus sylvatica,Tomentella,sp21,Tomentella sp21,15 sp21 Tomentella sp21,Basidiomycète,Thelephoraceae,b
15,FS1-15,Fagus sylvatica,Tomentella,sp21,Tomentella sp21,15 sp21 Tomentella sp21,Basidiomycète,Thelephoraceae,b
15,FS1-16,Fagus sylvatica,Tomentella,sp21,Tomentella sp21,15 sp21 Tomentella sp21,Basidiomycète,Thelephoraceae,b
15,FS1-17,Fagus sylvatica,Tomentella,sp21,Tomentella sp21,15 sp21 Tomentella sp21,Basidiomycète,Thelephoraceae,b
15,FS1-2,Fagus sylvatica,Tomentella,sp21,Tomentella sp21,15 sp21 Tomentella sp21,Basidiomycète,Thelephoraceae,a
15,FS1-7,Fagus sylvatica,Tomentella,sp21,Tomentella sp21,15 sp21 Tomentella sp21,Basidiomycète,Thelephoraceae,a
15,QI4-11,Quercus ilex,Tomentella,sp22,Tomentella sp22,15 sp22 Tomentella sp22,Basidiomycète,Thelephoraceae,a
15,AU2-1,Arbutus unedo,Tomentella,sp23,Tomentella sp23,15 sp23 Tomentella sp23,Basidiomycète,Thelephoraceae,a
15,AU2-3,Arbutus unedo,Tomentella,sp23,Tomentella sp23,15 sp23 Tomentella sp23,Basidiomycète,Thelephoraceae,a
15,AU3-3,Arbutus unedo,Tomentella,sp23,Tomentella sp23,15 sp23 Tomentella sp23,Basidiomycète,Thelephoraceae,a
15,CS4-3,Castanea sativa,Tomentella,sp23,Tomentella sp23,15 sp23 Tomentella sp23,Basidiomycète,Thelephoraceae,a
15,QI4-10,Quercus ilex,Tomentella,sp23,Tomentella sp23,15 sp23 Tomentella sp23,Basidiomycète,Thelephoraceae,a
15,QI4-13,Quercus ilex,Tomentella,sp23,Tomentella sp23,15 sp23 Tomentella sp23,Basidiomycète,Thelephoraceae,b
15,QP4-5,Quercus pubescens,Tomentella,sp23,Tomentella sp23,15 sp23 Tomentella sp23,Basidiomycète,Thelephoraceae,a
15,QP4-6,Quercus pubescens,Tomentella,sp23,Tomentella sp23,15 sp23 Tomentella sp23,Basidiomycète,Thelephoraceae,a
15,AU5-1,Arbutus unedo,Tomentella,sp24,Tomentella sp24,15 sp24 Tomentella sp24,Basidiomycète,Thelephoraceae,a
15,AU5-11,Arbutus unedo,Tomentella,sp24,Tomentella sp24,15 sp24 Tomentella sp24,Basidiomycète,Thelephoraceae,a
15,AU5-12,Arbutus unedo,Tomentella,sp24,Tomentella sp24,15 sp24 Tomentella sp24,Basidiomycète,Thelephoraceae,a
15,AU5-14,Arbutus unedo,Tomentella,sp24,Tomentella sp24,15 sp24 Tomentella sp24,Basidiomycète,Thelephoraceae,a
15,AU5-2,Arbutus unedo,Tomentella,sp24,Tomentella sp24,15 sp24 Tomentella sp24,Basidiomycète,Thelephoraceae,a
15,AU5-3,Arbutus unedo,Tomentella,sp24,Tomentella sp24,15 sp24 Tomentella sp24,Basidiomycète,Thelephoraceae,a
15,AU5-4,Arbutus unedo,Tomentella,sp24,Tomentella sp24,15 sp24 Tomentella sp24,Basidiomycète,Thelephoraceae,a
15,AU5-7,Arbutus unedo,Tomentella,sp24,Tomentella sp24,15 sp24 Tomentella sp24,Basidiomycète,Thelephoraceae,a
15,AU5-8,Arbutus unedo,Tomentella,sp24,Tomentella sp24,15 sp24 Tomentella sp24,Basidiomycète,Thelephoraceae,a
15,CS1-15,Castanea sativa,Tomentella,sp24,Tomentella sp24,15 sp24 Tomentella sp24,Basidiomycète,Thelephoraceae,a
15,CS1-5,Castanea sativa,Tomentella,sp24,Tomentella sp24,15 sp24 Tomentella sp24,Basidiomycète,Thelephoraceae,a
15,CS1-6,Castanea sativa,Tomentella,sp24,Tomentella sp24,15 sp24 Tomentella sp24,Basidiomycète,Thelephoraceae,a
15,CS3-8,Castanea sativa,Cenococcum,sp3,Cenococcum sp3,15 sp3 Cenococcum sp3,Ascomycète,Dothydeomycetes,a
15,CS4-1,Castanea sativa,Cenococcum,sp3,Cenococcum sp3,15 sp3 Cenococcum sp3,Ascomycète,Dothydeomycetes,a
15,CS4-4,Castanea sativa,Cenococcum,sp3,Cenococcum sp3,15 sp3 Cenococcum sp3,Ascomycète,Dothydeomycetes,a
15,CS4-8,Castanea sativa,Cenococcum,sp3,Cenococcum sp3,15 sp3 Cenococcum sp3,Ascomycète,Dothydeomycetes,a
15,CS6-2,Castanea sativa,Cenococcum,sp3,Cenococcum sp3,15 sp3 Cenococcum sp3,Ascomycète,Dothydeomycetes,a
15,FS6-7,Fagus sylvatica,Cenococcum,sp3,Cenococcum sp3,15 sp3 Cenococcum sp3,Ascomycète,Dothydeomycetes,a
15,PIN2-13,Pinus spp.,Cenococcum,sp3,Cenococcum sp3,15 sp3 Cenococcum sp3,Ascomycète,Dothydeomycetes,a
15,PIN2-19,Pinus spp.,Cenococcum,sp3,Cenococcum sp3,15 sp3 Cenococcum sp3,Ascomycète,Dothydeomycetes,a
15,PIN2-20,Pinus spp.,Cenococcum,sp3,Cenococcum sp3,15 sp3 Cenococcum sp3,Ascomycète,Dothydeomycetes,a
15,PIN2-3,Pinus spp.,Helotiales,sp3,Helotiales sp3,15 sp3 Helotiales sp3,Ascomycète,Helotiales,a
14,PIN3-12,Pinus spp.,Tomentella,sp3,Tomentella sp3,14 sp3 Tomentella sp3,Basidiomycète,Thelephoraceae,a
14,QI2-3,Quercus ilex,Tomentella,sp3,Tomentella sp3,14 sp3 Tomentella sp3,Basidiomycète,Thelephoraceae,a
14,QI2-4,Quercus ilex,Tomentella,sp3,Tomentella sp3,14 sp3 Tomentella sp3,Basidiomycète,Thelephoraceae,a
14,QI2-5,Quercus ilex,Tomentella,sp3,Tomentella sp3,14 sp3 Tomentella sp3,Basidiomycète,Thelephoraceae,a
14,QI2-7,Quercus ilex,Tomentella,sp3,Tomentella sp3,14 sp3 Tomentella sp3,Basidiomycète,Thelephoraceae,a
14,QI2-9,Quercus ilex,Tomentella,sp3,Tomentella sp3,14 sp3 Tomentella sp3,Basidiomycète,Thelephoraceae,a
15,QI6-1,Quercus ilex,Cenococcum,sp3,Cenococcum sp3,15 sp3 Cenococcum sp3,Ascomycète,Dothydeomycetes,a
15,QI6-2,Quercus ilex,Cenococcum,sp3,Cenococcum sp3,15 sp3 Cenococcum sp3,Ascomycète,Dothydeomycetes,a
15,QI6-3,Quercus ilex,Cenococcum,sp3,Cenococcum sp3,15 sp3 Cenococcum sp3,Ascomycète,Dothydeomycetes,a
15,QI6-6,Quercus ilex,Cenococcum,sp3,Cenococcum sp3,15 sp3 Cenococcum sp3,Ascomycète,Dothydeomycetes,a
15,QP1-6,Quercus pubescens,Sistotrema,sp3,Sistotrema sp3,15 sp3 Sistotrema sp3,Basidiomycète,Hydnaceae,a
15,QP4-14,Quercus pubescens,Trechisporales,sp3,Trechisporales sp3,15 sp3 Trechisporales sp3,Basidiomycète,Trechisporale,a
15,QP7-2,Quercus pubescens,Cenococcum,sp3,Cenococcum sp3,15 sp3 Cenococcum sp3,Ascomycète,Dothydeomycetes,a
15,CS1-12,Castanea sativa,Helotiales,sp4,Helotiales sp4,15 sp4 Helotiales sp4,Ascomycète,Helotiales,a
14,QI2-10,Quercus ilex,Tomentella,sp4,Tomentella sp4,14 sp4 Tomentella sp4,Basidiomycète,Thelephoraceae,a
15,QP2-2,Quercus pubescens,Cenococcum,sp4,Cenococcum sp4,15 sp4 Cenococcum sp4,Ascomycète,Dothydeomycetes,a
14,AU1-3,Arbutus unedo,Cenococcum,sp5,Cenococcum sp5,14 sp5 Cenococcum sp5,Ascomycète,Dothydeomycetes,a
14,AU1-4,Arbutus unedo,Cenococcum,sp5,Cenococcum sp5,14 sp5 Cenococcum sp5,Ascomycète,Dothydeomycetes,a
14,AU1-6,Arbutus unedo,Cenococcum,sp5,Cenococcum sp5,14 sp5 Cenococcum sp5,Ascomycète,Dothydeomycetes,a
7,CISTE2-4,Cistus salviifolius,Tomentella,sp5,Tomentella sp5,7 sp5 Tomentella sp5,Basidiomycète,Thelephoraceae,a
15,CS2-5,Castanea sativa,Cenococcum,sp5,Cenococcum sp5,15 sp5 Cenococcum sp5,Ascomycète,Dothydeomycetes,a
15,CS6-4,Castanea sativa,Cenococcum,sp5,Cenococcum sp5,15 sp5 Cenococcum sp5,Ascomycète,Dothydeomycetes,a
14,CS7-9,Castanea sativa,Cenococcum,sp5,Cenococcum sp5,14 sp5 Cenococcum sp5,Ascomycète,Dothydeomycetes,a
15,FS1-5,Fagus sylvatica,Cenococcum,sp5,Cenococcum sp5,15 sp5 Cenococcum sp5,Ascomycète,Dothydeomycetes,a
15,PIN4S-8,Pinus spp.,Cenococcum,sp5,Cenococcum sp5,15 sp5 Cenococcum sp5,Ascomycète,Dothydeomycetes,a
15,PIN7-2,Pinus spp.,Helotiales,sp5,Helotiales sp5,15 sp5 Helotiales sp5,Ascomycète,Helotiales,a
7,QI1-2,Quercus ilex,Cenococcum,sp5,Cenococcum sp5,7 sp5 Cenococcum sp5,Ascomycète,Dothydeomycetes,a
15,QI4,Quercus ilex,Cenococcum,sp5,Cenococcum sp5,15 sp5 Cenococcum sp5,Ascomycète,Dothydeomycetes,a
15,QI4-2,Quercus ilex,Cenococcum,sp5,Cenococcum sp5,15 sp5 Cenococcum sp5,Ascomycète,Dothydeomycetes,a
15,QP1-4,Quercus pubescens,Cenococcum,sp5,Cenococcum sp5,15 sp5 Cenococcum sp5,Ascomycète,Dothydeomycetes,a
15,QP1-5,Quercus pubescens,Cenococcum,sp5,Cenococcum sp5,15 sp5 Cenococcum sp5,Ascomycète,Dothydeomycetes,a
15,QP3-8,Quercus pubescens,Cenococcum,sp5,Cenococcum sp5,15 sp5 Cenococcum sp5,Ascomycète,Dothydeomycetes,a
15,AU1-2,Arbutus unedo,Cenococcum,sp6,Cenococcum sp6,15 sp6 Cenococcum sp6,Ascomycète,Dothydeomycetes,a
15,AU1-4,Arbutus unedo,Cenococcum,sp6,Cenococcum sp6,15 sp6 Cenococcum sp6,Ascomycète,Dothydeomycetes,a
15,AU5-5,Arbutus unedo,Helotiales,sp6,Helotiales sp6,15 sp6 Helotiales sp6,Ascomycète,Helotiales,a
15,AU5-6,Arbutus unedo,Cenococcum,sp6,Cenococcum sp6,15 sp6 Cenococcum sp6,Ascomycète,Dothydeomycetes,a
15,CS2-12,Castanea sativa,Cenococcum,sp6,Cenococcum sp6,15 sp6 Cenococcum sp6,Ascomycète,Dothydeomycetes,a
15,CS3-3,Castanea sativa,Cenococcum,sp6,Cenococcum sp6,15 sp6 Cenococcum sp6,Ascomycète,Dothydeomycetes,a
15,CS7-15,Castanea sativa,Cenococcum,sp6,Cenococcum sp6,15 sp6 Cenococcum sp6,Ascomycète,Dothydeomycetes,a
15,FS2-1,Fagus sylvatica,Tomentella,sp6,Tomentella sp6,15 sp6 Tomentella sp6,Basidiomycète,Thelephoraceae,b
15,FS2-15,Fagus sylvatica,Tomentella,sp6,Tomentella sp6,15 sp6 Tomentella sp6,Basidiomycète,Thelephoraceae,a
15,PIN1-4,Pinus spp.,Cenococcum,sp6,Cenococcum sp6,15 sp6 Cenococcum sp6,Ascomycète,Dothydeomycetes,a
15,PIN7-10,Pinus spp.,Cenococcum,sp6,Cenococcum sp6,15 sp6 Cenococcum sp6,Ascomycète,Dothydeomycetes,a
15,PIN7-4,Pinus spp.,Cenococcum,sp6,Cenococcum sp6,15 sp6 Cenococcum sp6,Ascomycète,Dothydeomycetes,a
15,QI2-1,Quercus ilex,Cenococcum,sp6,Cenococcum sp6,15 sp6 Cenococcum sp6,Ascomycète,Dothydeomycetes,a
15,QP2-7,Quercus pubescens,Cenococcum,sp6,Cenococcum sp6,15 sp6 Cenococcum sp6,Ascomycète,Dothydeomycetes,a
15,QP2-8,Quercus pubescens,Cenococcum,sp6,Cenococcum sp6,15 sp6 Cenococcum sp6,Ascomycète,Dothydeomycetes,a
15,QP4-11,Quercus pubescens,Cenococcum,sp6,Cenococcum sp6,15 sp6 Cenococcum sp6,Ascomycète,Dothydeomycetes,a
15,QP4-8,Quercus pubescens,Cenococcum,sp6,Cenococcum sp6,15 sp6 Cenococcum sp6,Ascomycète,Dothydeomycetes,a
15,PIN1-6,Pinus spp.,Helotiales,sp7,Helotiales sp7,15 sp7 Helotiales sp7,Ascomycète,Helotiales,a
14,PIN3-19,Pinus spp.,Tomentella,sp7,Tomentella sp7,14 sp7 Tomentella sp7,Basidiomycète,Thelephoraceae,a
14,PIN3-3,Pinus spp.,Tomentella,sp7,Tomentella sp7,14 sp7 Tomentella sp7,Basidiomycète,Thelephoraceae,a
14,PIN3-7,Pinus spp.,Tomentella,sp7,Tomentella sp7,14 sp7 Tomentella sp7,Basidiomycète,Thelephoraceae,a
7,AC1-2,Alnus cordata,Helotiales,sp8,Helotiales sp8,7 sp8 Helotiales sp8,Ascomycète,Helotiales,a
7,AC1-4,Alnus cordata,Helotiales,sp8,Helotiales sp8,7 sp8 Helotiales sp8,Ascomycète,Helotiales,a
7,AC1-7,Alnus cordata,Helotiales,sp8,Helotiales sp8,7 sp8 Helotiales sp8,Ascomycète,Helotiales,a
7,AC2-7,Alnus cordata,Helotiales,sp8,Helotiales sp8,7 sp8 Helotiales sp8,Ascomycète,Helotiales,a
14,CS7-2,Castanea sativa,Helotiales,sp8,Helotiales sp8,14 sp8 Helotiales sp8,Ascomycète,Helotiales,a
15,FS2-13,Fagus sylvatica,Helotiales,sp8,Helotiales sp8,15 sp8 Helotiales sp8,Ascomycète,Helotiales,b
15,FS2-4,Fagus sylvatica,Tomentella,sp8,Tomentella sp8,15 sp8 Tomentella sp8,Basidiomycète,Thelephoraceae,a
14,PIN1-6,Pinus spp.,Helotiales,sp8,Helotiales sp8,14 sp8 Helotiales sp8,Ascomycète,Helotiales,a
14,PIN1-9,Pinus spp.,Helotiales,sp8,Helotiales sp8,14 sp8 Helotiales sp8,Ascomycète,Helotiales,b
14,QI3-12,Quercus ilex,Helotiales,sp8,Helotiales sp8,14 sp8 Helotiales sp8,Ascomycète,Helotiales,b
14,QI3-14,Quercus ilex,Helotiales,sp8,Helotiales sp8,14 sp8 Helotiales sp8,Ascomycète,Helotiales,b
14,AU2-7,Arbutus unedo,Helotiales,sp9,Helotiales sp9,14 sp9 Helotiales sp9,Ascomycète,Helotiales,a
7,CISTE2-4,Cistus salviifolius,Helotiales,sp9,Helotiales sp9,7 sp9 Helotiales sp9,Ascomycète,Helotiales,a
7,CS1-2,Castanea sativa,Helotiales,sp9,Helotiales sp9,7 sp9 Helotiales sp9,Ascomycète,Helotiales,a
7,CS2-14,Castanea sativa,Helotiales,sp9,Helotiales sp9,7 sp9 Helotiales sp9,Ascomycète,Helotiales,a
7,CS2-2,Castanea sativa,Helotiales,sp9,Helotiales sp9,7 sp9 Helotiales sp9,Ascomycète,Helotiales,a
15,CS3-11,Castanea sativa,Tomentella,sp9,Tomentella sp9,15 sp9 Tomentella sp9,Basidiomycète,Thelephoraceae,b
15,CS3-12,Castanea sativa,Tomentella,sp9,Tomentella sp9,15 sp9 Tomentella sp9,Basidiomycète,Thelephoraceae,b
15,CS3-13,Castanea sativa,Tomentella,sp9,Tomentella sp9,15 sp9 Tomentella sp9,Basidiomycète,Thelephoraceae,b
7,CS3-6,Castanea sativa,Helotiales,sp9,Helotiales sp9,7 sp9 Helotiales sp9,Ascomycète,Helotiales,b
14,CS5-8,Castanea sativa,Helotiales,sp9,Helotiales sp9,14 sp9 Helotiales sp9,Ascomycète,Helotiales,a
14,PINX-10,Pinus spp.,Helotiales,sp9,Helotiales sp9,14 sp9 Helotiales sp9,Ascomycète,Helotiales,a
15,QP4-1,Quercus pubescens,Helotiales,sp9,Helotiales sp9,15 sp9 Helotiales sp9,Ascomycète,Helotiales,a
15,QP4-3,Quercus pubescens,Helotiales,sp9,Helotiales sp9,15 sp9 Helotiales sp9,Ascomycète,Helotiales,a
7,AU3-3,Arbutus unedo,Xerocomus,subtomentosus,Xerocomus subtomentosus,7 subtomentosus Xerocomus subtomentosus,Basidiomycète,Boletaceae,a
7,AU3-4,Arbutus unedo,Xerocomus,subtomentosus,Xerocomus subtomentosus,7 subtomentosus Xerocomus subtomentosus,Basidiomycète,Boletaceae,a
7,OC2-11,Ostrya carpinifolia,Xerocomus,subtomentosus,Xerocomus subtomentosus,7 subtomentosus Xerocomus subtomentosus,Basidiomycète,Boletaceae,a
7,QI4-2,Quercus ilex,Xerocomus,subtomentosus,Xerocomus subtomentosus,7 subtomentosus Xerocomus subtomentosus,Basidiomycète,Boletaceae,a
7,QI4-4,Quercus ilex,Xerocomus,subtomentosus,Xerocomus subtomentosus,7 subtomentosus Xerocomus subtomentosus,Basidiomycète,Boletaceae,a
7,AU3-6,Arbutus unedo,Inocybe,suecica,Inocybe suecica,7 suecica Inocybe suecica,Basidiomycète,Inocybaceae,a
7,QI4-7,Quercus ilex,Inocybe,suecica,Inocybe suecica,7 suecica Inocybe suecica,Basidiomycète,Inocybaceae,a
7,CS5-13,Castanea sativa,Cortinarius,uraceomajalis,Cortinarius uraceomajalis,7 uraceomajalis Cortinarius uraceomajalis,Basidiomycète,Cortinariaceae,a
7,CS5-2,Castanea sativa,Cortinarius,uraceomajalis,Cortinarius uraceomajalis,7 uraceomajalis Cortinarius uraceomajalis,Basidiomycète,Cortinariaceae,a
15,QI4-7,Quercus ilex,Fibroporia,vaillantii,Fibroporia vaillantii,15 vaillantii Fibroporia vaillantii,Basidiomycète,Fibroporiaceae,a
14,QI3-1,Quercus ilex,Russula,velutipes,Russula velutipes,14 velutipes Russula velutipes,Basidiomycète,Russulaceae,a
14,QI3-2,Quercus ilex,Russula,velutipes,Russula velutipes,14 velutipes Russula velutipes,Basidiomycète,Russulaceae,a
14,QP3-7,Quercus pubescens,Russula,velutipes,Russula velutipes,14 velutipes Russula velutipes,Basidiomycète,Russulaceae,a
15,CS7-1,Castanea sativa,Genea,verrucosa,Genea verrucosa,15 verrucosa Genea verrucosa,Ascomycète,Pyronemataceae,b
15,CS7-10,Castanea sativa,Genea,verrucosa,Genea verrucosa,15 verrucosa Genea verrucosa,Ascomycète,Pyronemataceae,a
15,CS7-11,Castanea sativa,Genea,verrucosa,Genea verrucosa,15 verrucosa Genea verrucosa,Ascomycète,Pyronemataceae,a
15,CS7-5,Castanea sativa,Genea,verrucosa,Genea verrucosa,15 verrucosa Genea verrucosa,Ascomycète,Pyronemataceae,a
15,CS1-4,Castanea sativa,Scleroderma,verrucosum,Scleroderma verrucosum,15 verrucosum Scleroderma verrucosum,Basidiomycète,Sclerodermataceae,a
7,AC4-1,Alnus cordata,Russula,vesca,Russula vesca,7 vesca Russula vesca,Basidiomycète,Russulaceae,a
7,AC4-2,Alnus cordata,Russula,vesca,Russula vesca,7 vesca Russula vesca,Basidiomycète,Russulaceae,a
7,AC4-4,Alnus cordata,Russula,vesca,Russula vesca,7 vesca Russula vesca,Basidiomycète,Russulaceae,a
7,CS1-11,Castanea sativa,Russula,vesca,Russula vesca,7 vesca Russula vesca,Basidiomycète,Russulaceae,a
7,QP1-1,Quercus pubescens,Russula,vesca,Russula vesca,7 vesca Russula vesca,Basidiomycète,Russulaceae,a
7,QP1-2,Quercus pubescens,Russula,vesca,Russula vesca,7 vesca Russula vesca,Basidiomycète,Russulaceae,a
7,QP1-3,Quercus pubescens,Russula,vesca,Russula vesca,7 vesca Russula vesca,Basidiomycète,Russulaceae,a
7,QP1-4,Quercus pubescens,Russula,vesca,Russula vesca,7 vesca Russula vesca,Basidiomycète,Russulaceae,a
7,QP1-5,Quercus pubescens,Russula,vesca,Russula vesca,7 vesca Russula vesca,Basidiomycète,Russulaceae,a
7,QP1-6,Quercus pubescens,Russula,vesca,Russula vesca,7 vesca Russula vesca,Basidiomycète,Russulaceae,b
7,QP1-8,Quercus pubescens,Russula,vesca,Russula vesca,7 vesca Russula vesca,Basidiomycète,Russulaceae,a
7,CS6-4,Castanea sativa,Russula,virescens,Russula virescens,7 virescens Russula virescens,Basidiomycète,Russulaceae,b
7,CS6-9,Castanea sativa,Russula,virescens,Russula virescens,7 virescens Russula virescens,Basidiomycète,Russulaceae,a
7,OC2-8,Ostrya carpinifolia,Russula,virescens,Russula virescens,7 virescens Russula virescens,Basidiomycète,Russulaceae,a
7,QI1-1,Quercus ilex,Russula,virescens,Russula virescens,7 virescens Russula virescens,Basidiomycète,Russulaceae,a
